NUM_FEATURES,MEAN_TSS,STD_TSS,MEAN_HSS,STD_HSS
24,0.0,0.0,0.0,0.0
23,0.0,0.0,0.0,0.0
22,0.0,0.0,0.0,0.0
21,0.0,0.0,0.0,0.0
20,0.0,0.0,0.0,0.0
19,0.0,0.0,0.0,0.0
18,0.0,0.0,0.0,0.0
17,-4.486195974984972e-06,7.770319361384967e-06,-8.84571560177296e-06,1.5321228851575475e-05
16,0.0002491794668746358,0.0007721291494810562,0.0004747509334800835,0.0014824172407083879
15,0.0002491794668746358,0.0007721291494810562,0.0004747509334800835,0.0014824172407083879
14,0.3227341357306169,0.27072423104955473,0.033496140640088164,0.024202088214370032
13,0.5264061070893348,0.021282594254725205,0.05131229125017603,0.01953734188806778
12,0.5018941826894784,0.026440959485457063,0.044984992694668526,0.015143243107112644
11,0.5053390238691726,0.026600778437296888,0.04616306663431455,0.014639189149225842
10,0.5118225182251946,0.019967923604415228,0.0479350079044441,0.01722353394836806
9,0.5019438809088951,0.03080654328268079,0.05221174980105042,0.01774623081223198
8,0.4822552170092158,0.026397124114798998,0.0541251045790625,0.01907694294786194
7,0.4830630154162791,0.025909110843418792,0.05456438199841281,0.0189878360659811
6,0.4830963435976002,0.025888934539348315,0.05457322780392068,0.018995410379443894
5,0.48233212480601667,0.026287380509669327,0.05473106274602211,0.01868547523536834
4,0.8243455639496674,0.03273249560470142,0.2643799640526703,0.011158682324394634
3,0.8192496619081665,0.03132150608705723,0.25756460230846795,0.02447236333358787
2,0.8157480594315704,0.02927149075279924,0.24942794356305562,0.02202807438138617
1,0.8159209112781118,0.044808067643672594,0.2311747212539693,0.025625201093942708
