NUM_FEATURES,MEAN_TSS,STD_TSS,MEAN_HSS,STD_HSS
24,0.8189069816322725,0.022482070359045717,0.2912218579088459,0.02744952124894311
23,0.8185463451580798,0.023758468332156595,0.2862969711136871,0.027174848386499462
22,0.8287632377911671,0.028279636317855506,0.2888056167109554,0.024495346769736404
21,0.8287565783167329,0.02827522161058101,0.2887890771875315,0.024491468437463287
20,0.8281719474184537,0.02934949690455571,0.28754385408591093,0.02513182159995594
19,0.8281852663673223,0.029361691962017093,0.2875769037876818,0.025143318918860288
18,0.8281478949724064,0.02862533578749714,0.2875888280578169,0.025315930235622747
17,0.833005174881945,0.029527764794708544,0.28491807830696875,0.024876923849952378
16,0.8325233650906521,0.03035511485685819,0.28476672897335087,0.024420271768426902
15,0.8325714094287741,0.01325984995647092,0.28138171151373675,0.020494254157735706
14,0.8294559424082779,0.01539046405466236,0.28321960471997865,0.021714759425434518
13,0.8269327171191381,0.021627396412597866,0.28144384159571817,0.02335104759261411
12,0.8361791005590972,0.0248631553129592,0.2757150143613732,0.021030534220418475
11,0.8357562459696023,0.024996268516941995,0.2769197418098945,0.021078337375101928
10,0.8348486962604982,0.03168526379013545,0.2848763411205075,0.017630148236514445
9,0.8343987254078941,0.030438049314951393,0.28402996096641525,0.01861830374745104
8,0.8238833385645794,0.0351402906944037,0.28517879378617556,0.023241433618666762
7,0.8179016830566406,0.033767539620962,0.27308754894261617,0.0245250628899498
6,0.8150194619508698,0.03615508804054872,0.26687516925467847,0.02250733109005413
5,0.816746749041292,0.03295436588879093,0.26909145329163764,0.022506787966836445
4,0.816819350721932,0.032861250555855884,0.2692447805800374,0.022483115648628333
3,0.8155652593987076,0.03279154064436285,0.2677514834690718,0.02308124035149335
2,0.746820618541648,0.03331706547047631,0.26655417035077805,0.02943561378378671
1,0.7203279776310468,0.012169463880828402,0.26202097754823195,0.024593711987209776
