NUM_FEATURES,MEAN_TSS,STD_TSS,MEAN_HSS,STD_HSS
24,0.0,0.0,0.0,0.0
23,0.0,0.0,0.0,0.0
22,0.0,0.0,0.0,0.0
21,0.0,0.0,0.0,0.0
20,0.0,0.0,0.0,0.0
19,0.0,0.0,0.0,0.0
18,0.0,0.0,0.0,0.0
17,-4.486195974984972e-06,7.770319361384967e-06,-8.84571560177296e-06,1.5321228851575475e-05
16,0.000461048543816825,0.0010778062214388748,0.0008773832042881356,0.0020588562429352843
15,0.000592150132054757,0.0014614573350211866,0.0011211187963012295,0.002781444930888124
14,0.00301341969379587,0.0034956233485109946,0.0057020170059982915,0.006625127412377859
13,0.003193413699937258,0.003947479707349789,0.005960876313530285,0.0073651379943271015
12,0.004077020112425483,0.003924234320447944,0.007442608060047327,0.00717544488346825
11,0.07206347489262167,0.03528515856842122,0.07920467875823634,0.0487705346831727
10,0.06914943750364554,0.03876175035869746,0.07701868857647799,0.05148491058910345
9,0.2696793367617826,0.24730026799870514,0.10055246512682625,0.05831515387654781
8,0.20206349780231528,0.05943848782362205,0.1357297347001505,0.04628898217738158
7,0.20010282193557594,0.062381054689187046,0.1357582817990364,0.049183871268941415
6,0.345239088450324,0.09780553562469245,0.17762270254789336,0.042337451285165195
5,0.34685542976118383,0.09249610189212792,0.17875611884221823,0.04014511587261051
4,0.38821246388958225,0.10678973819703173,0.13095384374863694,0.08788696101265706
3,0.8199431529241862,0.03451023592748753,0.26376833652099124,0.020149689573328335
2,0.7808287620598087,0.028908156210113743,0.21223825682641487,0.030178285310672476
1,0.7323860376481233,0.014306557428472104,0.24318269029000605,0.040167358255206904
