NUM_FEATURES,MEAN_TSS,STD_TSS,MEAN_HSS,STD_HSS
24,0.807812425737815,0.031938492020661714,0.28720318301084863,0.028934174198195335
23,0.8078079395418399,0.03193094373444117,0.2871880001873517,0.028952022130944312
22,0.8091554364415536,0.030194050174891476,0.28689180898680455,0.028844228334355366
21,0.8194303262441621,0.024589686113770944,0.2895336196567196,0.026803403800860524
20,0.8130608775852316,0.033614120885808084,0.2863315203062668,0.026241560776881608
19,0.8130689961816886,0.03361198016899226,0.2863487140238359,0.026271072537709075
18,0.808188400115711,0.04038521675582879,0.282305899131374,0.027038314145502
17,0.8144765894390152,0.02216853600316292,0.2783552638632254,0.025388913735548038
16,0.7980326051075292,0.025220773454799703,0.2710789199417261,0.02659558552582976
15,0.7975585692472237,0.028447294351337374,0.2721299694795874,0.024723824967777305
14,0.7771044213142795,0.044842861860471935,0.28240190597117026,0.024469882724518586
13,0.7898530430184896,0.02021839528564381,0.27925054955799355,0.02699189458489928
12,0.8071253091850643,0.017638505309043734,0.27913687420151984,0.030759703613099723
11,0.8203778375982239,0.025682041562574157,0.2784625164391033,0.033269871924269806
10,0.8130538331697229,0.028417008273971374,0.27543764248941277,0.032585768227813394
9,0.814826680364881,0.028886512215969176,0.275968835458883,0.03251730906172982
8,0.8163080352941492,0.034258124175477994,0.27789612638633054,0.03245087077571652
7,0.8153241019094778,0.03873810865455899,0.27986493640618143,0.03252439950546663
6,0.8120926865958525,0.04340230874345328,0.27900861400404914,0.03300738614799672
5,0.8058791715045874,0.038073660631966516,0.2668090344308695,0.03440380091916832
4,0.8134123460343082,0.040795546644504015,0.26016326955182645,0.030409854098920004
3,0.7952140348810902,0.06520644362011631,0.20442566769504344,0.023101137108987556
2,0.8002684062911465,0.05929162994225278,0.2017078291385405,0.02134360632186224
1,0.20693839944718898,0.020822639608687778,0.01191047342076735,0.005382784986401814
