NUM_FEATURES,MEAN_TSS,STD_TSS,MEAN_HSS,STD_HSS
24,0.8252119324675292,0.029532813804312746,0.293491926485315,0.023364534394185045
23,0.8251807775646675,0.02955981439304441,0.293410340328324,0.023370325523758465
22,0.8279525866351495,0.023145260294372205,0.2925940019315912,0.025114244168164754
21,0.823516223350199,0.02308782875524826,0.2918246720653817,0.02493115535661837
20,0.8215307216408624,0.02260768262969369,0.2880483841377671,0.02450959289076359
19,0.818129620757464,0.025105675331476417,0.2856986438006776,0.026191658758082426
18,0.8243126094044397,0.017197890618105404,0.27961802229110255,0.025553247317955496
17,0.8188173225042052,0.03365913172502929,0.2767767185189853,0.025679137218844766
16,0.8111482450726785,0.04639567769928194,0.2769993504645965,0.02778521393091906
15,0.8111415855982442,0.04640649286529796,0.27698443159548236,0.02779713123515957
14,0.8181636035554423,0.03980555735201553,0.2770648419563636,0.025517679761429993
13,0.81719743650594,0.02596152652003285,0.2787776964533162,0.02001590375630632
12,0.8341532382572558,0.024612942131591185,0.29040077454747903,0.02218926665957429
11,0.8344897082456372,0.02144245457741107,0.28901099508344524,0.02377666002553479
10,0.834916747625332,0.01934632694916595,0.2890088717236616,0.02401292652378684
9,0.8404253688428834,0.026728018661455105,0.28001371862666097,0.021881420930835963
8,0.8386063776058984,0.028916182180874633,0.2805202568597558,0.019479867047751436
7,0.8382725970091657,0.027723226512190145,0.28017028714926207,0.019281567472038574
6,0.8382711378871429,0.02774436672111471,0.28016985915356635,0.019260661917423778
5,0.838635438305677,0.027845402714517957,0.28026657706074937,0.019461197496171444
4,0.8170608065909629,0.03934148769859831,0.2712417251811046,0.021091714035616358
3,0.8167799514185102,0.03771822644964856,0.2713402265736953,0.020908906931351147
2,0.8180716036271218,0.03620099135497576,0.2715019577475205,0.020084680854632806
1,0.8172404185756448,0.04539206484071037,0.23412504835686163,0.021394218382301093
