NUM_FEATURES,MEAN_TSS,STD_TSS,MEAN_HSS,STD_HSS
24,0.8014265832357591,0.024366043748830973,0.2827824485773362,0.031847487030133355
23,0.80141483223882,0.024377757698683687,0.2827618334506663,0.03177131830222026
22,0.7955002129727972,0.03549217578044022,0.28022882983506525,0.03205468144033818
21,0.7999607403928525,0.041779825952656474,0.2793380996889491,0.03030522384936506
20,0.8158985026938862,0.03387218228222333,0.28285972194962294,0.025224751645850224
19,0.8193459680043654,0.029265983783996252,0.2805023795217077,0.025784364278418393
18,0.8189815370887668,0.029762487946701322,0.2807207140725019,0.02578520883780297
17,0.8218377391034282,0.02736869636208385,0.27735398758671764,0.02462517501226249
16,0.8140287574348277,0.04726886732823968,0.2707225683689491,0.02415981607447578
15,0.8199576972233009,0.05115505839714569,0.2630658730137429,0.02358185148774761
14,0.8199576972233009,0.05115505839714569,0.2630658730137429,0.02358185148774761
13,0.8194839542361056,0.05178734126812989,0.2676985402871112,0.02423082939379374
12,0.817136470626021,0.053243344722187634,0.2689332120692858,0.024447391497809536
11,0.8178103676266737,0.052101085463692964,0.26959705931312467,0.02472454546164443
10,0.8295721965428067,0.03280693476093835,0.26952859717654193,0.021135728918856428
9,0.8463462344857747,0.03279771211599253,0.2759114302372179,0.018280063863555903
8,0.8372880323982241,0.034067766792905504,0.27905901537319516,0.01915274631437754
7,0.8214048512209122,0.037074804618002055,0.26710908416970885,0.022674081566066033
6,0.8209825931237725,0.036473913310196074,0.2670558910039899,0.023069597370745695
5,0.8190621542303872,0.035338163856280365,0.26869384509753974,0.020735237909335826
4,0.8213327804750216,0.03226776054141173,0.27166591216839214,0.02134132895149971
3,0.8207060330983184,0.033217511267757134,0.2704503594909066,0.021118655047171035
2,0.7210369560013473,0.028983153634435252,0.29095875624620704,0.030260317193875497
1,0.7053503799725162,0.015698614633042396,0.27994441430133205,0.023769588672358954
