NUM_FEATURES,MEAN_TSS,STD_TSS,MEAN_HSS,STD_HSS
24,0.8252119324675292,0.029532813804312746,0.293491926485315,0.023364534394185045
23,0.8282149592052122,0.02332241421019587,0.29261562305865807,0.025152972323943302
22,0.8257349170943247,0.02242957445383681,0.2828788446839288,0.026796057890317932
21,0.8215200776408879,0.019076459508543146,0.27658697678195415,0.026688191841504578
20,0.8232738451711038,0.02039263907101359,0.2718956665116122,0.026726439633353347
19,0.824990802644869,0.021478099642195932,0.27780829829886317,0.025886560277223105
18,0.8241194102778584,0.022540102601721144,0.27756005729648,0.02557970382374769
17,0.8188173225042052,0.03365913172502929,0.2767767185189853,0.025679137218844766
16,0.8169602051818475,0.03491607741821997,0.27606199971827367,0.02535130545117156
15,0.8104144251162554,0.046800928524880166,0.2763116234508916,0.027805041562246804
14,0.8171588380045446,0.03922192673592418,0.27684282239784586,0.025217058047575173
13,0.8175040933501516,0.042911622354243145,0.2736806637824512,0.026379531256024016
12,0.8389138340271963,0.027884043779740523,0.2810200549641875,0.019736672823733082
11,0.836803847801698,0.027144286056463175,0.28007345868422995,0.020390620922792542
10,0.8377888673141275,0.03406485878167272,0.28225561197823323,0.01231872008229158
9,0.8385782805861385,0.028908412807115615,0.2804592862722866,0.019451474421788857
8,0.8386063776058984,0.028916182180874633,0.2805202568597558,0.019479867047751436
7,0.8382725970091657,0.027723226512190145,0.28017028714926207,0.019281567472038574
6,0.838652529294084,0.0278373035157543,0.2803113061661473,0.01943858240424933
5,0.8299915201806322,0.02884279132293169,0.27289189936129726,0.021270218161665733
4,0.8167977565633538,0.03773614626827876,0.27138466486033247,0.020910792166858472
3,0.8167799514185102,0.03771822644964856,0.2713402265736953,0.020908906931351147
2,0.7261731255880081,0.023174706844318275,0.2837628508110304,0.030769318240934384
1,0.7100136581403179,0.008712686626439444,0.2761016575008522,0.02705662013588176
