NUM_FEATURES,MEAN_TSS,STD_TSS,MEAN_HSS,STD_HSS
24,0.0,0.0,0.0,0.0
23,0.0,0.0,0.0,0.0
22,0.0,0.0,0.0,0.0
21,0.0,0.0,0.0,0.0
20,0.0,0.0,0.0,0.0
19,0.0,0.0,0.0,0.0
18,0.0,0.0,0.0,0.0
17,-4.486195974984972e-06,7.770319361384967e-06,-8.84571560177296e-06,1.5321228851575475e-05
16,0.00043327757247398974,0.0011311803763158388,0.0008263609169331097,0.002160601431306274
15,0.0014498969387148574,0.0015747510047495555,0.00274920614827771,0.002999374460080174
14,0.0031530687453121087,0.003939996844501072,0.0058598341237984936,0.007306286209870394
13,0.003012475929765377,0.0035989346031392237,0.00546108611967146,0.00646465061296023
12,0.0050625421006253845,0.004899064159915304,0.009306128220873348,0.00896398448175407
11,0.22094056480771032,0.2385899377756157,0.07850998411809762,0.07509895774152743
10,0.08305205683764331,0.047530590622336465,0.09613651849982226,0.06299088507105358
9,0.262587089266594,0.22586847403108468,0.09618659885396603,0.08259060700520791
8,0.2736487086568245,0.18139015951241164,0.09672677297076952,0.0717598090670913
7,0.27316055442353243,0.1795820930254431,0.09830546245109406,0.07353089865062522
6,0.36111345074964074,0.12282900089297744,0.12827865338055733,0.08748630857806822
5,0.36111345074964074,0.12282900089297744,0.12827865338055733,0.08748630857806822
4,0.3794080706611565,0.1083384709064513,0.13298356191406285,0.09349787648597561
3,0.8160221325489966,0.03372326423998198,0.2629022657470346,0.02253326399784152
2,0.7804725979170163,0.02461976643246747,0.21670146403320192,0.029723178593349667
1,0.7246428298440787,0.004157125268442477,0.24722261144140625,0.0229169287018738
