NUM_FEATURES,MEAN_TSS,STD_TSS,MEAN_HSS,STD_HSS
24,0.8014265832357591,0.024366043748830973,0.2827824485773362,0.031847487030133355
23,0.821136701575779,0.03621902769560491,0.27661507993408757,0.027326608673520245
22,0.8211545067206226,0.03621028373533825,0.2766589627984008,0.027297343590413064
21,0.8226607538601791,0.023770428773145738,0.2724187991171548,0.030426764097478923
20,0.8264233706312951,0.029198701812789787,0.2654862921711954,0.0304967329697587
19,0.8279627329706711,0.0239046828565342,0.26570208593702777,0.03054684254677295
18,0.8272247098043056,0.024018778312059386,0.2661601600024821,0.030677462111855222
17,0.8141763976117353,0.04125719943436525,0.26026411484311684,0.03218256857253006
16,0.7936922537427202,0.04773202338263515,0.25145440250944073,0.03246509412715108
15,0.794016053120617,0.051312247151814,0.25073722435828455,0.03252464303813517
14,0.8187532588781243,0.05021078154925647,0.262458400014878,0.029285103057198957
13,0.8194687236621538,0.05030993733740898,0.26365758677683765,0.028873827724388977
12,0.8255605613331759,0.04155075953203558,0.2648063776143978,0.02594498218645966
11,0.8338117436764573,0.03506276346373704,0.2658097229651977,0.02411705897987203
10,0.8025719599687028,0.05755726043350189,0.2599777451374403,0.028801038027231298
9,0.807884349363038,0.06612591006725954,0.26266120584312325,0.02709350208439524
8,0.8078599935736669,0.06612977281109883,0.26261614880427026,0.02701933299981639
7,0.8411845547523482,0.03306120339677704,0.26444024163969215,0.018007745677720816
6,0.8450619846395849,0.03134010462368609,0.266679495042819,0.01937177849692919
5,0.825246452290858,0.04068416505398872,0.21232715329037136,0.02300778946797667
4,0.8259073681421322,0.03983089563344796,0.2127051235975533,0.023496387487108496
3,0.8259929235936694,0.03925722056845956,0.20903666578420368,0.023494427723094766
2,0.7970567695571825,0.035303135834726565,0.16791121881028012,0.027800917413377518
1,0.7954758180057905,0.0392064217732029,0.16718502473944863,0.027258660948982976
