NUM_FEATURES,MEAN_TSS,STD_TSS,MEAN_HSS,STD_HSS
24,0.8252119324675292,0.029532813804312746,0.293491926485315,0.023364534394185045
23,0.8274618448374174,0.027761676346102413,0.28693798759739675,0.02587695361386704
22,0.8237648936629555,0.022995102852738442,0.2849096463815593,0.026904800523618617
21,0.823915017043915,0.023878163570581437,0.28561594901782666,0.027040223311216242
20,0.8220685726881003,0.022819998656328902,0.2817130310907459,0.025301616362803713
19,0.8226646185209113,0.023340006943475038,0.28181223937948,0.02523406950871662
18,0.8205096145595636,0.02707486341914913,0.2761140670835509,0.02560998051783152
17,0.826618555230796,0.017163088058061625,0.279701701552258,0.027904071207298757
16,0.8267851029631506,0.016915474952370942,0.2794763759847861,0.028086580400596462
15,0.8251981085906319,0.01873092191650088,0.2788424218334675,0.030511290917052267
14,0.8170389665895083,0.03363286736456656,0.28220789570947763,0.02651870204261175
13,0.838142419928105,0.03847580238634848,0.28297906485331575,0.018840744870245524
12,0.8359174019479542,0.03555701239951654,0.27907754402659946,0.016298089377518102
11,0.8355613314549167,0.032920007082623125,0.2848939275162969,0.013508370713765167
10,0.8377888673141275,0.03406485878167272,0.28225561197823323,0.01231872008229158
9,0.8385782805861385,0.028908412807115615,0.2804592862722866,0.019451474421788857
8,0.8386063776058984,0.028916182180874633,0.2805202568597558,0.019479867047751436
7,0.8382725970091657,0.027723226512190145,0.28017028714926207,0.019281567472038574
6,0.8382711378871429,0.02774436672111471,0.28016985915356635,0.019260661917423778
5,0.8307223592976337,0.02887476087822276,0.27217445172359495,0.022091494528086442
4,0.8299915201806322,0.02884279132293169,0.27289189936129726,0.021270218161665733
3,0.837676549823034,0.0439382232189943,0.23094689558530831,0.024346581485546356
2,0.7261731255880081,0.023174706844318275,0.2837628508110304,0.030769318240934384
1,0.7100136581403179,0.008712686626439444,0.2761016575008522,0.02705662013588176
