NUM_FEATURES,MEAN_TSS,STD_TSS,MEAN_HSS,STD_HSS
24,0.807812425737815,0.031938492020661714,0.28720318301084863,0.028934174198195335
23,0.8045092330820455,0.0325682357575444,0.2869927871499855,0.029722767602291835
22,0.8220830396173535,0.027439493956888758,0.28592927559518505,0.02517210375417856
21,0.8203411432341784,0.020717203592500417,0.28127424157253356,0.02668261711425545
20,0.8203366570382035,0.02071118487860976,0.2812600050087912,0.026703653801042407
19,0.8157510247919091,0.02501117600415057,0.27979708790401675,0.026803722365238623
18,0.8177281015094171,0.024504085403527685,0.2791058763700656,0.02625669569590495
17,0.8257895779337002,0.03164345340534389,0.27898870137795245,0.027367216364687093
16,0.8376118390962928,0.03937197560562298,0.27395372487719805,0.02579534066314048
15,0.8358537921694748,0.03912556316711881,0.2734331552737649,0.023447183452405356
14,0.8390928750904418,0.03848925708408456,0.2777081910924659,0.02094140573502393
13,0.8393461032928542,0.04110749590710034,0.2750971078745738,0.019357819141493624
12,0.8382795264917985,0.04315884331350746,0.27211516511899103,0.01975359561391336
11,0.8382076697767448,0.04320205212149088,0.27195834850893974,0.019745821646444922
10,0.8358408506469678,0.026619947031626637,0.2677200206033429,0.023333466896376373
9,0.8367959909137269,0.030139552900913018,0.2674088672239079,0.022961301565177117
8,0.8367923585132448,0.030151907788463165,0.26740744579966164,0.02292261715423348
7,0.8338578231010046,0.031545362228861715,0.26551695283229276,0.024256590203805828
6,0.8349806440806935,0.03177667496956139,0.26666859088688927,0.024461261990391735
5,0.835026828596206,0.032506834115297145,0.25478829506555045,0.02926687435467013
4,0.8335574375427037,0.03578635528202317,0.24922598228367385,0.027658435654861216
3,0.8119332070629209,0.03684132914750354,0.262608168043019,0.028691799227299034
2,0.73531341329355,0.04619824288573331,0.2687494876121236,0.03598664163649525
1,0.7369764952165431,0.05243936258712978,0.2687557442830352,0.03630946130148
