NUM_FEATURES,MEAN_TSS,STD_TSS,MEAN_HSS,STD_HSS
24,0.8189069816322725,0.022482070359045717,0.2912218579088459,0.02744952124894311
23,0.818887717365406,0.022487471911802854,0.29117222871233217,0.027445738176701432
22,0.8185641503029233,0.02376704613401724,0.2863444165926204,0.027155272131546025
21,0.8193883666186057,0.024527680715479762,0.2851010493019597,0.027176992387238336
20,0.8302947609732808,0.026889209142905313,0.2875694291102507,0.024993681681019737
19,0.8288693141578403,0.02991040223735134,0.2863353937704733,0.025081481688654053
18,0.8282690799021788,0.029529157163293806,0.2861137246015924,0.02491565415264226
17,0.8325233650906521,0.03035511485685819,0.28476672897335087,0.024420271768426902
16,0.832575895624749,0.013266349167045704,0.2813964884878159,0.02047226094328144
15,0.8341216734811017,0.023661309675517595,0.27636425795114145,0.01965073232514515
14,0.8341216734811017,0.023661309675517595,0.27636425795114145,0.01965073232514515
13,0.8310268220848145,0.023703708915634916,0.27713234533115205,0.020000493275932372
12,0.8300315369432886,0.023150001113643483,0.2759876648536393,0.020272195763017534
11,0.8307042397375136,0.02367895566732695,0.2759792743643465,0.02001862950778341
10,0.8356940871233124,0.02630117159737005,0.2760168770459807,0.021511953021872574
9,0.8343987254078941,0.030438049314951393,0.28402996096641525,0.01861830374745104
8,0.8238833385645794,0.0351402906944037,0.28517879378617556,0.023241433618666762
7,0.8149734820468467,0.03700040074996142,0.2696540626622696,0.022685227605563824
6,0.8152640307120457,0.03630719446594547,0.26942320478566656,0.022684354453415594
5,0.8149544043493068,0.03619581675492875,0.26674482976889946,0.022426161035358754
4,0.816819350721932,0.032861250555855884,0.2692447805800374,0.022483115648628333
3,0.8155652593987076,0.03279154064436285,0.2677514834690718,0.02308124035149335
2,0.746820618541648,0.03331706547047631,0.26655417035077805,0.02943561378378671
1,0.7203279776310468,0.012169463880828402,0.26202097754823195,0.024593711987209776
