NUM_FEATURES,MEAN_TSS,STD_TSS,MEAN_HSS,STD_HSS
24,0.807812425737815,0.031938492020661714,0.28720318301084863,0.028934174198195335
23,0.8191550451696678,0.025674636558339167,0.29180574714592805,0.02577735100342824
22,0.8114032122560041,0.03633772293058607,0.28709210557925174,0.02678995326964683
21,0.8034174718283795,0.044495365791756517,0.2807525515186518,0.028930842128609236
20,0.8045605266156347,0.03599086156443818,0.26865764176810086,0.027265807374192007
19,0.8071019417208861,0.03694848502861649,0.26785996277941226,0.026670937839645015
18,0.8064266213057035,0.03807891419326274,0.2675719841528583,0.02631113579695181
17,0.7958419234573199,0.05279810098393643,0.26549033213458273,0.02841720697456659
16,0.7898180861112089,0.06402519590545593,0.2634849900336658,0.032390199642789115
15,0.7930555786019037,0.05933116375972701,0.26359114317233384,0.0308381677685443
14,0.798382228566676,0.06161850696038644,0.25666656293623463,0.03060125299363206
13,0.8018791440327458,0.05272431534538579,0.2581242849728836,0.03317191492471093
12,0.8048494617841581,0.051085817514279645,0.2594632018635706,0.03335226746972944
11,0.8084083094533882,0.04634076909028242,0.2684354440635726,0.028773520395160217
10,0.8084083094533882,0.04634076909028242,0.2684354440635726,0.028773520395160217
9,0.8329092485062115,0.02941488970130586,0.2850706264204752,0.019336795360771167
8,0.8308733483349733,0.030823236458056985,0.28313218287840564,0.01722240266152566
7,0.8312072660535893,0.030034778652180728,0.2829921189975445,0.017876452982712246
6,0.8254373990648909,0.030401774252569926,0.27288082277502185,0.022251185487210893
5,0.8254373990648909,0.030401774252569926,0.27288082277502185,0.022251185487210893
4,0.8259888555912461,0.032758288008605606,0.2730232971624498,0.02192713366952634
3,0.8173026472053159,0.03611787701172472,0.2706711508064751,0.022128154865553553
2,0.7284967336945094,0.032840319402378186,0.28439219162476026,0.02943872975290253
1,0.7092559500025382,0.010363240788201254,0.27564644810550026,0.026028878420691553
